treatment,control,metric,n,mean_diff,t_p,wilcoxon_p,perm_p,cohen_d,cliffs_delta,n_samples,n_seeds,seed_std_diff,t_p_holm,wilcoxon_p_holm,perm_p_holm,subset
AIPA (full),AIPA (rule policy),Hit@10,2154,0.004642525533890436,0.34909043728313005,0.6823129652990922,0.408295852073963,0.020179590044083158,0.0046425255338904264,1077,2,0.004642525533890436,1.0,1.0,1.0,natural
AIPA (full),AIPA w/o clarification,Hit@10,2154,0.002785515320334262,0.05776209638563412,0.7969432631538224,0.11444277861069466,0.040906355671722024,0.0027855153203342475,1077,2,0.0009285051067780873,0.40433467469943885,1.0,0.8010994502748626,natural
AIPA (full),AIPA w/o counterfactual,Hit@10,2154,-0.009749303621169917,0.05017719659141391,0.3902443667599039,0.07196401799100449,-0.04222149664927747,-0.009749303621169922,1077,2,0.0023212627669452184,0.4014175727313113,1.0,0.5757121439280359,natural
AIPA (full),AIPA w/o persistence,Hit@10,2154,0.0,,,,,,1077,2,0.0,,,,natural
AIPA (full),AIPA w/o relationship,Hit@10,2154,-0.01160631383472609,0.02078427487629705,0.3068110785975625,0.030484757621189407,-0.04984970398797894,-0.0116063138347261,1077,2,0.0023212627669452184,0.18705847388667346,1.0,0.27436281859070466,natural
AIPA (full),Adaptive fusion,Hit@10,2154,-0.001392757660167131,0.7505665909537226,0.901198989040982,0.8420789605197402,-0.006850350012915715,-0.0013927576601671376,1077,2,0.0023212627669452184,1.0,1.0,1.0,natural
AIPA (full),Conversation-aware,Hit@10,2154,0.01532033426183844,0.005100799550594497,0.18149215025019605,0.0079960019990005,0.06040516901691298,0.01532033426183843,1077,2,0.0013927576601671316,0.05100799550594497,1.0,0.07996001999000499,natural
AIPA (full),KBRD-style,Hit@10,2154,-0.0064995357474466105,0.2654711287337976,0.5739331817689333,0.3103448275862069,-0.023999428561202164,-0.006499535747446633,1077,2,0.001857010213556175,1.0,1.0,1.0,natural
AIPA (full),LTP-only,Hit@10,2154,0.039925719591457756,8.291121831951647e-12,0.0005585284388112021,0.0004997501249375312,0.148055825739149,0.039925719591457756,1077,2,0.0018570102135561754,1.0778458381537141e-10,0.007260869704545627,0.006496751624187906,natural
AIPA (full),Naive fusion,Hit@10,2154,0.00046425255338904364,0.9237196250629147,0.9672797080001251,1.0,0.00206330766646902,0.00046425255338904126,1077,2,0.00510677808727948,1.0,1.0,1.0,natural
AIPA (full),SASRec,Hit@10,2154,0.034818941504178275,7.051641670965579e-09,0.0027166723436278226,0.0004997501249375312,0.12524944855661263,0.03481894150417826,1077,2,0.0023212627669452167,8.461970005158695e-08,0.032600068123533874,0.006496751624187906,natural
AIPA (full),STI-only,Hit@10,2154,-0.003714020427112349,0.47262531259464724,0.7444041330516515,0.5327336331834083,-0.015477738260621496,-0.003714020427112358,1077,2,0.002785515320334262,1.0,1.0,1.0,natural
AIPA (full),Sequential (GRU),Hit@10,2154,0.02692664809656453,3.2590220910139403e-06,0.019733066716463694,0.0004997501249375312,0.10053721889252824,0.02692664809656453,1077,2,0.004642525533890435,3.584924300115334e-05,0.21706373388110065,0.006496751624187906,natural
AIPA (full),AIPA (rule policy),NDCG@10,2154,0.0018834220670778498,0.5014993708119357,0.46066792826039127,0.5107446276861569,0.014484557717705428,0.004748997567954577,1077,2,0.0027516085310602878,1.0,1.0,1.0,natural
AIPA (full),AIPA w/o clarification,NDCG@10,2154,0.0013978462817065115,0.0486121823604643,0.4519961601781449,0.04597701149425287,0.04251338554936704,0.0026766724515034646,1077,2,0.0002189586288739334,0.4375096412441787,1.0,0.41379310344827586,natural
AIPA (full),AIPA w/o counterfactual,NDCG@10,2154,-0.0009269166457891167,0.717566872230646,0.9858966720107672,0.7246376811594203,-0.00779466969979717,-0.008762820827826534,1077,2,0.0022304013093439397,1.0,1.0,1.0,natural
AIPA (full),AIPA w/o persistence,NDCG@10,2154,2.7939920460132452e-05,0.08932957367010985,0.8973026542067959,0.2413793103448276,0.03662287768457062,1.745796509955433e-05,1077,2,6.701430418638609e-06,0.7146365893608788,1.0,1.0,natural
AIPA (full),AIPA w/o relationship,NDCG@10,2154,-0.0017264231046966686,0.5043546416513648,0.9527807945357801,0.504247876061969,-0.014388030624740814,-0.010512496885585254,1077,2,0.0022879776089607127,1.0,1.0,1.0,natural
AIPA (full),Adaptive fusion,NDCG@10,2154,-0.0007038446115173803,0.7651974481712303,0.6508275225851081,0.768615692153923,-0.0064359551876513365,-0.0013321936084019076,1077,2,0.00023925513146787626,1.0,1.0,1.0,natural
AIPA (full),Conversation-aware,NDCG@10,2154,0.009553636018076088,0.0028356511101026213,0.03919632666296136,0.0034982508745627187,0.06439076259044253,0.01545547184353524,1077,2,0.0010081912271264959,0.028356511101026213,0.3919632666296136,0.03498250874562719,natural
AIPA (full),KBRD-style,NDCG@10,2154,0.000333011382862351,0.9203481342728698,0.9268998273414571,0.9310344827586207,0.002154801393392046,-0.005935492603426601,1077,2,0.0002634718050961233,1.0,1.0,1.0,natural
AIPA (full),LTP-only,NDCG@10,2154,0.022640135651543457,4.158840035423797e-11,0.00019033727297487494,0.0004997501249375312,0.14290903097667623,0.03990373548725828,1077,2,0.0004872728727220669,5.406492046050936e-10,0.002474384548673374,0.006496751624187906,natural
AIPA (full),Naive fusion,NDCG@10,2154,0.002687775507239994,0.2793592765328342,0.7062310663305882,0.296351824087956,0.023314034855898755,0.0011552431226393989,1077,2,0.0029090396707656383,1.0,1.0,1.0,natural
AIPA (full),SASRec,NDCG@10,2154,0.021204194364787796,1.5728933181057645e-09,0.0006005454242517191,0.0004997501249375312,0.1306376832738595,0.035034471937506494,1077,2,0.0019171537564081527,1.8874719817269174e-08,0.007206545091020629,0.006496751624187906,natural
AIPA (full),STI-only,NDCG@10,2154,0.0001774417393523583,0.9497994378570949,0.777586005641622,0.9500249875062469,0.0013566978327930164,-0.0032879167604224213,1077,2,0.0004847161693854857,1.0,1.0,1.0,natural
AIPA (full),Sequential (GRU),NDCG@10,2154,0.015518101418488684,5.046419201004521e-06,0.0023595047935865486,0.0004997501249375312,0.09856315665838063,0.026960270844163733,1077,2,0.00046651363388731677,5.551061121104973e-05,0.025954552729452036,0.006496751624187906,natural
AIPA (full),AIPA (rule policy),Hit@10,124,0.008064516129032258,0.7070794550175435,0.865424524566609,1.0,0.03382456066409087,0.008064516129032251,62,2,0.008064516129032258,1.0,1.0,1.0,conflict_natural_strict
AIPA (full),AIPA w/o clarification,Hit@10,124,0.008064516129032258,0.3192737456602178,0.8591382051891983,1.0,0.08980265101338743,0.008064516129032251,62,2,0.008064516129032258,1.0,1.0,1.0,conflict_natural_strict
AIPA (full),AIPA w/o counterfactual,Hit@10,124,-0.008064516129032258,0.7070794550175435,0.865424524566609,1.0,-0.03382456066409087,-0.008064516129032251,62,2,0.024193548387096774,1.0,1.0,1.0,conflict_natural_strict
AIPA (full),AIPA w/o persistence,Hit@10,124,0.0,,,,,,62,2,0.0,,,,conflict_natural_strict
AIPA (full),AIPA w/o relationship,Hit@10,124,-0.008064516129032258,0.7070794550175435,0.865424524566609,1.0,-0.03382456066409087,-0.008064516129032251,62,2,0.024193548387096774,1.0,1.0,1.0,conflict_natural_strict
AIPA (full),Adaptive fusion,Hit@10,124,0.008064516129032258,0.6565497169351799,0.8633985689504274,1.0,0.04003099533907171,0.008064516129032251,62,2,0.024193548387096774,1.0,1.0,1.0,conflict_natural_strict
AIPA (full),Conversation-aware,Hit@10,124,0.04032258064516129,0.13223242099622967,0.4106109183577875,0.21489255372313842,0.13608850055259764,0.04032258064516129,62,2,0.008064516129032258,1.0,1.0,1.0,conflict_natural_strict
AIPA (full),KBRD-style,Hit@10,124,-0.03225806451612903,0.2498122929300581,0.51341093000929,0.39080459770114945,-0.10383596406534722,-0.03225806451612903,62,2,0.0,1.0,1.0,1.0,conflict_natural_strict
AIPA (full),LTP-only,Hit@10,124,0.07258064516129033,0.0023800111032148403,0.1328868560033363,0.0034982508745627187,0.27862112899121017,0.07258064516129031,62,2,0.008064516129032258,0.030940144341792923,1.0,0.04547726136931535,conflict_natural_strict
AIPA (full),Naive fusion,Hit@10,124,0.024193548387096774,0.180769994491999,0.6057505767319027,0.3758120939530235,0.12087663535005201,0.02419354838709678,62,2,0.008064516129032258,1.0,1.0,1.0,conflict_natural_strict
AIPA (full),SASRec,Hit@10,124,0.07258064516129033,0.00617083583986531,0.1385867920256248,0.010494752623688156,0.2502481608441576,0.07258064516129031,62,2,0.008064516129032258,0.07405003007838372,1.0,0.1259370314842579,conflict_natural_strict
AIPA (full),STI-only,Hit@10,124,0.024193548387096774,0.36783319569344103,0.6215241308771624,0.5467266366816592,0.08116958401325373,0.02419354838709678,62,2,0.008064516129032258,1.0,1.0,1.0,conflict_natural_strict
AIPA (full),Sequential (GRU),Hit@10,124,0.04838709677419355,0.10910952245477983,0.3338112905005203,0.16691654172913542,0.14493340746570646,0.04838709677419354,62,2,0.0,1.0,1.0,1.0,conflict_natural_strict
AIPA (full),AIPA (rule policy),NDCG@10,124,-0.0020653352473547137,0.8690183162194463,0.7616700189619693,0.8675662168915542,-0.014839909225475373,0.006698751300728417,62,2,0.0176733459301071,1.0,1.0,1.0,conflict_natural_strict
AIPA (full),AIPA w/o clarification,NDCG@10,124,0.004799888023794829,0.3993680546672477,0.9943935750010352,0.6166916541729135,0.07594517403293909,0.007544224765868884,62,2,0.0011528578863429528,1.0,1.0,1.0,conflict_natural_strict
AIPA (full),AIPA w/o counterfactual,NDCG@10,124,0.004938434640365307,0.6344591706192035,0.7525842010269863,0.63968015992004,0.04280416785706136,-0.006633714880332986,62,2,0.020393930409451668,1.0,1.0,1.0,conflict_natural_strict
AIPA (full),AIPA w/o persistence,NDCG@10,124,0.0,,,,,,62,2,0.0,,,,conflict_natural_strict
AIPA (full),AIPA w/o relationship,NDCG@10,124,0.004841941339187135,0.6418165051630885,0.7546658801837067,0.6436781609195402,0.04187611503602908,-0.006828824141519252,62,2,0.02049042371062984,1.0,1.0,1.0,conflict_natural_strict
AIPA (full),Adaptive fusion,NDCG@10,124,0.022181500536594564,0.05040925145428147,0.3179614677090087,0.05547226386806597,0.17743741669864255,0.010861082206035377,62,2,0.0071570651646777105,0.46476662279516034,1.0,0.4992503748125937,conflict_natural_strict
AIPA (full),Conversation-aware,NDCG@10,124,0.02838701679592824,0.04647666227951604,0.32293556901491083,0.047976011994003,0.18062259649712784,0.040842872008324656,62,2,0.006210983269459231,0.46476662279516034,1.0,0.47976011994003,conflict_natural_strict
AIPA (full),KBRD-style,NDCG@10,124,0.0017535249794678352,0.911609549099465,0.8806766137325845,0.9035482258870565,0.009989397418311253,-0.029461498439125905,62,2,0.0201371869415382,1.0,1.0,1.0,conflict_natural_strict
AIPA (full),LTP-only,NDCG@10,124,0.04521398981158748,0.004984147029779846,0.07029333652045364,0.0014992503748125937,0.25680234774913996,0.07290582726326743,62,2,0.018204715821242178,0.064793911387138,0.9138133747658973,0.019490254872563718,conflict_natural_strict
AIPA (full),Naive fusion,NDCG@10,124,0.013372270270153714,0.15339565493962232,0.6118267234893449,0.1679160419790105,0.12900249392880228,0.023608220603537983,62,2,0.010555159251718006,1.0,1.0,1.0,conflict_natural_strict
AIPA (full),SASRec,NDCG@10,124,0.04039670574110313,0.009708194180765661,0.13825940872444595,0.005997001499250375,0.23591712929369443,0.0721904266389178,62,2,0.006892967633662022,0.11649833016918792,1.0,0.07196401799100449,conflict_natural_strict
AIPA (full),STI-only,NDCG@10,124,0.022608868608384156,0.07434794386772355,0.40563853418690377,0.0734632683658171,0.16162429381942842,0.025559313215400628,62,2,0.004793873397035502,0.5947835509417884,1.0,0.5877061469265368,conflict_natural_strict
AIPA (full),Sequential (GRU),NDCG@10,124,0.036283081532464304,0.03545535001860506,0.2503773443280246,0.03798100949525238,0.19096996506808378,0.0500780437044745,62,2,0.01533390549169803,0.39000885020465564,1.0,0.4177911044477761,conflict_natural_strict
AIPA (full),AIPA (rule policy),Hit@10,512,0.001953125,0.8576669060085433,0.9336097174521262,1.0,0.007930002491318528,0.001953125,256,2,0.005859375,1.0,1.0,1.0,conflict_natural_broad
AIPA (full),AIPA w/o clarification,Hit@10,512,0.001953125,0.5642110913581972,0.9300440394718832,1.0,0.02549889024857346,0.001953125,256,2,0.005859375,1.0,1.0,1.0,conflict_natural_broad
AIPA (full),AIPA w/o counterfactual,Hit@10,512,-0.015625,0.14429677045004782,0.5043601551115652,0.2028985507246377,-0.06462142328423551,-0.015625,256,2,0.01171875,1.0,1.0,1.0,conflict_natural_broad
AIPA (full),AIPA w/o persistence,Hit@10,512,0.0,,,,,,256,2,0.0,,,,conflict_natural_broad
AIPA (full),AIPA w/o relationship,Hit@10,512,-0.01953125,0.06784361425819241,0.4039675259932163,0.08595702148925537,-0.08087200358160265,-0.01953125,256,2,0.01171875,0.5427489140655393,1.0,0.6876561719140429,conflict_natural_broad
AIPA (full),Adaptive fusion,Hit@10,512,0.0,1.0,1.0,1.0,0.0,0.0,256,2,0.00390625,1.0,1.0,1.0,conflict_natural_broad
AIPA (full),Conversation-aware,Hit@10,512,0.02734375,0.019483724328684636,0.24777251734101569,0.03548225887056472,0.10357112973861157,0.02734375,256,2,0.00390625,0.19483724328684637,1.0,0.3548225887056472,conflict_natural_broad
AIPA (full),KBRD-style,Hit@10,512,-0.025390625,0.03244880557233811,0.2840357021090921,0.038980509745127435,-0.09478265048110704,-0.025390625,256,2,0.005859375,0.292039250151043,1.0,0.3548225887056472,conflict_natural_broad
AIPA (full),LTP-only,Hit@10,512,0.0625,1.0977693384345273e-06,0.009203532960388162,0.0004997501249375312,0.2180046826714203,0.0625,256,2,0.01171875,1.4271001399648856e-05,0.1196459284850461,0.006496751624187906,conflict_natural_broad
AIPA (full),Naive fusion,Hit@10,512,0.013671875,0.23709036402149214,0.5626375936550467,0.29985007496251875,0.05231172992494049,0.013671875,256,2,0.013671875,1.0,1.0,1.0,conflict_natural_broad
AIPA (full),SASRec,Hit@10,512,0.046875,0.0005022437409156767,0.05242806427629605,0.0004997501249375312,0.1547679714928124,0.046875,256,2,0.00390625,0.005524681150072443,0.6291367713155527,0.006496751624187906,conflict_natural_broad
AIPA (full),STI-only,Hit@10,512,-0.001953125,0.8729634251966162,0.9345566522147072,1.0,-0.007069994250411836,-0.001953125,256,2,0.001953125,1.0,1.0,1.0,conflict_natural_broad
AIPA (full),Sequential (GRU),Hit@10,512,0.044921875,0.0003066153672633733,0.059851030636885336,0.0009995002498750624,0.16062703893569016,0.044921875,256,2,0.013671875,0.0036793844071604798,0.6583613370057387,0.010994502748625687,conflict_natural_broad
AIPA (full),AIPA (rule policy),NDCG@10,512,0.0035448542581434303,0.5874704576390842,0.38704396699585286,0.5967016491754122,0.023990763226268332,0.00266265869140625,256,2,0.00903147178405897,1.0,1.0,1.0,conflict_natural_broad
AIPA (full),AIPA w/o clarification,NDCG@10,512,0.003910007727950247,0.048156768520908326,0.39508398646509335,0.04297851074462768,0.08753694284872579,0.00231170654296875,256,2,0.00022275591925445494,0.43341091668817494,1.0,0.38680659670164913,conflict_natural_broad
AIPA (full),AIPA w/o counterfactual,NDCG@10,512,-0.0036788749638848447,0.5490408562074013,0.9823350180176922,0.5552223888055972,-0.02649867752251639,-0.014984130859375,256,2,0.008316325750134718,1.0,1.0,1.0,conflict_natural_broad
AIPA (full),AIPA w/o persistence,NDCG@10,512,0.0,,,,,,256,2,0.0,,,,conflict_natural_broad
AIPA (full),AIPA w/o relationship,NDCG@10,512,-0.005891847918256032,0.3360571951004598,0.854707926006658,0.3333333333333333,-0.0425542124530185,-0.018829345703125,256,2,0.006668198698125906,1.0,1.0,1.0,conflict_natural_broad
AIPA (full),Adaptive fusion,NDCG@10,512,0.004175461791692027,0.48811157363390445,0.8513718828112782,0.4987506246876562,0.0306627166785418,0.0006866455078125,256,2,0.004822308234606803,1.0,1.0,1.0,conflict_natural_broad
AIPA (full),Conversation-aware,NDCG@10,512,0.02082044883645271,0.001620782251131244,0.045129038469982334,0.001999000499750125,0.1400552338626678,0.02832794189453125,256,2,0.00318733224620292,0.01620782251131244,0.45129038469982335,0.019990004997501247,conflict_natural_broad
AIPA (full),KBRD-style,NDCG@10,512,-0.0059454562220222565,0.4107455901570468,0.5897594722345416,0.40679660169915044,-0.0363831864955171,-0.024211883544921875,256,2,0.0063142405775658775,1.0,1.0,1.0,conflict_natural_broad
AIPA (full),LTP-only,NDCG@10,512,0.035279398091414865,5.2484504644271525e-06,0.009227624993059912,0.0004997501249375312,0.20344836400914112,0.06252670288085938,256,2,0.015369751223805518,6.822985603755298e-05,0.11995912490977886,0.006496751624187906,conflict_natural_broad
AIPA (full),Naive fusion,NDCG@10,512,0.00966538832208396,0.1058273507638192,0.652742857757939,0.10044977511244378,0.07159905533141227,0.013996124267578125,256,2,0.0035520458643416475,0.8466188061105536,1.0,0.8035982008995503,conflict_natural_broad
AIPA (full),SASRec,NDCG@10,512,0.026941089951939553,0.000397366687887696,0.02964362059225605,0.0004997501249375312,0.15757154191249736,0.046962738037109375,256,2,0.008648867286733228,0.004371033566764656,0.32607982651481654,0.006496751624187906,conflict_natural_broad
AIPA (full),STI-only,NDCG@10,512,0.0030765678862913013,0.6456034674287662,0.8415554973131135,0.6506746626686657,0.020335999714870684,-0.000911712646484375,256,2,0.002873217238907464,1.0,1.0,1.0,conflict_natural_broad
AIPA (full),Sequential (GRU),NDCG@10,512,0.028513247632775823,2.8644779095900836e-05,0.018180462425416755,0.0004997501249375312,0.18659515624047604,0.045879364013671875,256,2,0.008178375413638498,0.00034373734915081004,0.21816554910500108,0.006496751624187906,conflict_natural_broad
AIPA (full),AIPA (rule policy),Hit@10,156,0.0,1.0,1.0,1.0,0.0,0.0,78,2,0.02564102564102564,1.0,1.0,1.0,conflict_synthetic
AIPA (full),AIPA w/o clarification,Hit@10,156,0.00641025641025641,0.5653746239932735,0.8755312312020604,1.0,0.046125927242752884,0.006410256410256415,78,2,0.00641025641025641,1.0,1.0,1.0,conflict_synthetic
AIPA (full),AIPA w/o counterfactual,Hit@10,156,-0.01282051282051282,0.6844556855850852,0.7814220049210325,0.8330834582708646,-0.03259850958815003,-0.01282051282051283,78,2,0.01282051282051282,1.0,1.0,1.0,conflict_synthetic
AIPA (full),AIPA w/o persistence,Hit@10,156,0.0,,,,,,78,2,0.0,,,,conflict_synthetic
AIPA (full),AIPA w/o relationship,Hit@10,156,-0.00641025641025641,0.8356002363834433,0.8890654865247724,1.0,-0.016643239451990668,-0.0064102564102563875,78,2,0.019230769230769232,1.0,1.0,1.0,conflict_synthetic
AIPA (full),Adaptive fusion,Hit@10,156,-0.038461538461538464,0.2581525160412264,0.41518220722520893,0.34182908545727136,-0.09086791776300988,-0.038461538461538464,78,2,0.025641025641025637,1.0,1.0,1.0,conflict_synthetic
AIPA (full),Conversation-aware,Hit@10,156,0.10256410256410256,0.0015045436733584683,0.028090697435844213,0.0034982508745627187,0.25872103161461396,0.10256410256410257,78,2,0.012820512820512824,0.015045436733584683,0.28090697435844214,0.03498250874562719,conflict_synthetic
AIPA (full),KBRD-style,Hit@10,156,-0.05128205128205128,0.19531032582828575,0.3020853867878275,0.2463768115942029,-0.10413496036858046,-0.051282051282051266,78,2,0.025641025641025644,1.0,1.0,1.0,conflict_synthetic
AIPA (full),LTP-only,Hit@10,156,0.1794871794871795,1.0236317646208484e-07,0.00016807840669286485,0.0004997501249375312,0.44714883867193134,0.1794871794871795,78,2,0.0,1.228358117545018e-06,0.0020169408803143783,0.006496751624187906,conflict_synthetic
AIPA (full),Naive fusion,Hit@10,156,-0.038461538461538464,0.2581525160412264,0.41518220722520893,0.3423288355822089,-0.09086791776300988,-0.038461538461538464,78,2,0.0,1.0,1.0,1.0,conflict_synthetic
AIPA (full),SASRec,Hit@10,156,0.16025641025641027,3.7632225143807447e-06,0.0008314211227443902,0.0004997501249375312,0.3840174309299462,0.16025641025641024,78,2,0.006410256410256401,4.1395447658188194e-05,0.009145632350188292,0.006496751624187906,conflict_synthetic
AIPA (full),STI-only,Hit@10,156,-0.02564102564102564,0.4159690597461883,0.5789406305603332,0.5387306346826587,-0.06530186569674173,-0.025641025641025633,78,2,0.02564102564102564,1.0,1.0,1.0,conflict_synthetic
AIPA (full),Sequential (GRU),Hit@10,156,0.1858974358974359,5.539901841082878e-08,0.00010581523967811277,0.0004997501249375312,0.45734417916106596,0.1858974358974359,78,2,0.006410256410256415,7.201872393407741e-07,0.001375598115815466,0.006496751624187906,conflict_synthetic
