model,intensity,n,Recall@10,Hit@10,NDCG@10,MRR@10,Recall@20,Hit@20,NDCG@20,MRR@20
AIPA (full),1,27,0.3148148148148148,0.3148148148148148,0.13286583945976846,0.07913727219282775,0.46296296296296297,0.46296296296296297,0.1697285623207349,0.08898266988652265
AIPA (full),2,21,0.19047619047619047,0.19047619047619047,0.11376824417903747,0.09146825396825398,0.3333333333333333,0.3333333333333333,0.15105383848145515,0.10233619865972807
AIPA (full),3,30,0.16666666666666666,0.16666666666666666,0.0743185389824521,0.04636243386243386,0.2833333333333333,0.2833333333333333,0.10411619548901258,0.05468960741987058
AIPA (rule policy),1,27,0.25925925925925924,0.25925925925925924,0.12756492047886062,0.08803644914756026,0.5185185185185185,0.5185185185185185,0.19175382742202765,0.10496148993956013
AIPA (rule policy),2,21,0.14285714285714285,0.14285714285714285,0.09738321004718735,0.08439153439153439,0.3333333333333333,0.3333333333333333,0.14538417989677388,0.0975101826605586
AIPA (rule policy),3,30,0.15,0.15,0.06407803258366036,0.03812169312169312,0.36666666666666664,0.36666666666666664,0.1182205519923242,0.05257733007733008
AIPA w/o clarification,1,27,0.2037037037037037,0.2037037037037037,0.11322240454888123,0.08549382716049382,0.5185185185185185,0.5185185185185185,0.1919406899753177,0.10661388126773404
AIPA w/o clarification,2,21,0.21428571428571427,0.21428571428571427,0.11427559554806488,0.08435374149659863,0.30952380952380953,0.30952380952380953,0.1390505488398483,0.09152580224008795
AIPA w/o clarification,3,30,0.23333333333333334,0.23333333333333334,0.09540605511413223,0.055039682539682534,0.35,0.35,0.1250650098738979,0.06324780847807163
AIPA w/o counterfactual,1,27,0.2222222222222222,0.2222222222222222,0.10479377112302417,0.06884920634920634,0.3888888888888889,0.3888888888888889,0.1456324860809183,0.07936388493019039
AIPA w/o counterfactual,2,21,0.21428571428571427,0.21428571428571427,0.10940437206177825,0.07826908541194255,0.30952380952380953,0.30952380952380953,0.13261348616702837,0.08417971889610545
AIPA w/o counterfactual,3,30,0.25,0.25,0.11027810104837825,0.06876322751322751,0.4,0.4,0.14997945599248536,0.0805883305148011
AIPA w/o persistence,1,27,0.3148148148148148,0.3148148148148148,0.13286583945976846,0.07913727219282775,0.46296296296296297,0.46296296296296297,0.1697285623207349,0.08898266988652265
AIPA w/o persistence,2,21,0.19047619047619047,0.19047619047619047,0.11376824417903747,0.09146825396825398,0.3333333333333333,0.3333333333333333,0.15105383848145515,0.10233619865972807
AIPA w/o persistence,3,30,0.16666666666666666,0.16666666666666666,0.0743185389824521,0.04636243386243386,0.2833333333333333,0.2833333333333333,0.10411619548901258,0.05468960741987058
AIPA w/o relationship,1,27,0.24074074074074073,0.24074074074074073,0.12560211656636872,0.08986625514403292,0.4444444444444444,0.4444444444444444,0.17615999390125056,0.10325978034311367
AIPA w/o relationship,2,21,0.16666666666666666,0.16666666666666666,0.11110906597440622,0.09447278911564624,0.30952380952380953,0.30952380952380953,0.14634823808134984,0.10365625219948527
AIPA w/o relationship,3,30,0.18333333333333332,0.18333333333333332,0.07768738667595537,0.045436507936507935,0.35,0.35,0.12138561606286467,0.058242003094944275
Adaptive fusion,1,27,0.24074074074074073,0.24074074074074073,0.11332752641845462,0.07581569664902998,0.48148148148148145,0.48148148148148145,0.1732828127027961,0.09185522891663243
Adaptive fusion,2,21,0.16666666666666666,0.16666666666666666,0.08592327957542747,0.061177248677248684,0.2857142857142857,0.2857142857142857,0.11516801328078448,0.06873110355253213
Adaptive fusion,3,30,0.2,0.2,0.0995482917688458,0.06892857142857144,0.3333333333333333,0.3333333333333333,0.13394668116594274,0.07875835493482551
Conversation-aware,1,27,0.05555555555555555,0.05555555555555555,0.024689767362809773,0.015277777777777777,0.07407407407407407,0.07407407407407407,0.029319396992439403,0.016512345679012344
Conversation-aware,2,21,0.047619047619047616,0.047619047619047616,0.014819003801219552,0.005782312925170068,0.07142857142857142,0.07142857142857142,0.02107256415924797,0.007613814756671899
Conversation-aware,3,30,0.016666666666666666,0.016666666666666666,0.005555555555555555,0.0023809523809523807,0.05,0.05,0.013578525774884876,0.004369256474519632
LTP-only,1,27,0.018518518518518517,0.018518518518518517,0.0053530523392201455,0.001851851851851852,0.018518518518518517,0.018518518518518517,0.0053530523392201455,0.001851851851851852
LTP-only,2,21,0.047619047619047616,0.047619047619047616,0.01609327698934356,0.0071428571428571435,0.07142857142857142,0.07142857142857142,0.02234683734737198,0.008974358974358974
LTP-only,3,30,0.05,0.05,0.019527867731562516,0.010416666666666666,0.06666666666666667,0.06666666666666667,0.023524742174364708,0.011397058823529411
Naive fusion,1,27,0.2037037037037037,0.2037037037037037,0.09918633030328596,0.067717519106408,0.3888888888888889,0.3888888888888889,0.14620744134091443,0.08069178763623208
Naive fusion,2,21,0.16666666666666666,0.16666666666666666,0.11785100738193902,0.10264550264550264,0.21428571428571427,0.21428571428571427,0.1303175189954951,0.10629810004810004
Naive fusion,3,30,0.18333333333333332,0.18333333333333332,0.08937727178848053,0.06177248677248677,0.3333333333333333,0.3333333333333333,0.12699809192827727,0.07192532613585244
STI-only,1,27,0.2962962962962963,0.2962962962962963,0.12317418562969541,0.07190623162845385,0.46296296296296297,0.46296296296296297,0.16555227824596855,0.08366146683140147
STI-only,2,21,0.19047619047619047,0.19047619047619047,0.1186912968323822,0.097713529856387,0.3333333333333333,0.3333333333333333,0.15536030997290556,0.1080756092974138
STI-only,3,30,0.18333333333333332,0.18333333333333332,0.08298798797643407,0.053075396825396824,0.31666666666666665,0.31666666666666665,0.1164133016622651,0.06206908831908831
Sequential (GRU),1,27,0.018518518518518517,0.018518518518518517,0.0065964293908893,0.0030864197530864196,0.018518518518518517,0.018518518518518517,0.0065964293908893,0.0030864197530864196
Sequential (GRU),2,21,0.023809523809523808,0.023809523809523808,0.007511068494898304,0.002976190476190476,0.023809523809523808,0.023809523809523808,0.007511068494898304,0.002976190476190476
Sequential (GRU),3,30,0.05,0.05,0.020803432056355466,0.011666666666666665,0.05,0.05,0.020803432056355466,0.011666666666666665
